lambda,c,W_A2_boundary,W_corner_onset,ratio_lamW_over_c_at_onset,x_at_A2_boundary
0.1,0.1,1.000000,1.526316,1.526316,0.659178
0.25,0.1,0.400000,0.628571,1.571429,0.647650
0.4,0.1,0.250000,0.406250,1.625000,0.635792
0.49,0.1,0.204082,0.339235,1.662252,0.628532
